{"alarm clock": [0.20443923098635275, 0.025643889486442806, 0.711697526159149], "armchair": [0.025419054419704046, 0.5171051928543877, 0.3538169898142902], "backpack": [0.7642284208722515, 0.32231508263562525, 0.5912780928276362], "bag": [0.8649130001117773, 0.6460260166542827, 0.9287359154983257], "ball": [0.8750180668296029, 0.5046334187450807, 0.836403295460112], "bar": [0.08432408630720434, 0.21821983986269378, 0.8567596649915404], "basket": [0.3711735406855493, 0.22149338342105862, 0.9320288521381658], "bathroom cabinet": [0.5970681688632997, 0.20729866483944837, 0.1784248520789259], "bathroom counter": [0.7089032307635972, 0.9799812299706763, 0.05548186621133666], "bathroom stall": [0.06619168124332997, 0.31394539944730526, 0.8138990603825612], "bathroom stall door": [0.6771430961942607, 0.8154455959474612, 0.6484134983741022], "bathroom vanity": [0.2615390103893195, 0.9521288325539579, 0.6798259323212862], "bathtub": [0.9933289133891682, 0.6330513435015345, 0.3328326861714421], "bed": [0.983082685234556, 0.27970397787698986, 0.05436534157827877], "bench": [0.6410208221634058, 0.28361490571698966, 0.9798026710885868], "bicycle": [0.4105808816207902, 0.35131640615723936, 0.07618520750162983], "bin": [0.07009506826831902, 0.7400372614799352, 0.44140140523211213], "blackboard": [0.6636161709490853, 0.9722533529969241, 0.5033285048360678], "blanket": [0.9823408987241675, 0.11139862248501742, 0.3915599507219566], "blinds": [0.036155273283729916, 0.47274424082359034, 0.4543697240944147], "board": [0.9645236059097937, 0.7279272645059133, 0.8784577823223603], "book": [0.11182507392559693, 0.1959219092172707, 0.955840754011774], "bookshelf": [0.5315783439200326, 0.3881741572914842, 0.9988263961149185], "bottle": [0.43805950175993524, 0.4646077841741786, 0.22207219651638543], "bowl": [0.5079625859109522, 0.6903925209154108, 0.9398811016374782], "box": [0.04128811154780421, 0.3981527915667352, 0.9575029106887546], "broom": [0.8882600254414247, 0.17959110371517117, 0.7445671636845875], "bucket": [0.521313697612166, 0.8674505040791443, 0.7174890646167256], "bulletin board": [0.37192808006583666, 0.9442119131052177, 0.12372214627232503], "cabinet": [0.0893666523754304, 0.7146627233014742, 0.678043707015275], "calendar": [0.43340965385113217, 0.308463467781699, 0.877011776816557], "candle": [0.7850071725156661, 0.12765478503300953, 0.12381475756180427], "cart": [0.16703800714989514, 0.018820325131952975, 0.8949793652227278], "case of water bottles": [0.05198778965790607, 0.5308132585279896, 0.5995848060368171], "cd case": [0.34076141399194126, 0.8317154701896469, 0.8931101814338026], "ceiling": [0.34042278973888496, 0.7152168202237545, 0.3290597752312958], "ceiling light": [0.14261463397746255, 0.8542339274218492, 0.2851624841723558], "chair": [0.2518937648430677, 0.6304133304209064, 0.9748427560547481], "clock": [0.49776943900205395, 0.9354543678464934, 0.935643015113146], "closet": [0.013082133605401891, 0.6859550457400873, 0.2836496349316405], "closet door": [0.7220629006121663, 0.8178246312155362, 0.722924802038298], "closet rod": [0.04271312648133663, 0.6975265139185324, 0.7396175796416347], "closet wall": [0.34988296895715976, 0.46511731230415054, 0.9007491369348202], "clothes": [0.12958936915737718, 0.6902502464511345, 0.9465672545297671], "clothes dryer": [0.09795976106475879, 0.23399927293392186, 0.7293820457216176], "coat rack": [0.9113958711969746, 0.31633259855451934, 0.7363696085188851], "coffee kettle": [0.49087686772324546, 0.9840197846074604, 0.6142635261814007], "coffee maker": [0.017514074753608333, 0.23344479025174247, 0.05524396520342645], "coffee table": [0.23006365851254362, 0.8757597878808665, 0.7611154557266856], "column": [0.3640617254257139, 0.5532173219511258, 0.08751529326123708], "computer tower": [0.851089620674504, 0.8175940061989996, 0.16876199199022268], "container": [0.5081907532200183, 0.39455318708571574, 0.17681954696519808], "copier": [0.4001259601098546, 0.029012512579432714, 0.2623061084268501], "couch": [0.8138578627800369, 0.8494781197893989, 0.6774300807524619], "counter": [0.12650183486167121, 0.27861587567332025, 0.23627810798603055], "crate": [0.3614863012427192, 0.3411439707110816, 0.8363423537785891], "cup": [0.7031526214569414, 0.5575136638183635, 0.10433162287870124], "curtain": [0.8033594768960831, 0.5594164414418459, 0.4833494176352957], "cushion": [0.8463561816237447, 0.13729313462619153, 0.671013651078533], "decoration": [0.6077663758588261, 0.7044751598015945, 0.2641526018894389], "desk": [0.6718061185625067, 0.22020612879098667, 0.7842537968817654], "dining table": [0.3069082204976735, 0.8886924657160046, 0.26878150142839063], "dish rack": [0.5791026076024364, 0.45718262824873346, 0.8611441216985818], "dishwasher": [0.26988729612038664, 0.6757468860475132, 0.147820717900087], "divider": [0.8542760624361726, 0.13555279197911374, 0.5200816657826189], "door": [0.32822201607686896, 0.07328979999557494, 0.051382999690644304], "doorframe": [0.5173333783598016, 0.35020513927803565, 0.3108658961059958], "dresser": [0.41546573301053313, 0.5092293749413037, 0.4956375140315996], "dumbbell": [0.3147437709494447, 0.24686640113060243, 0.7779973965657755], "dustpan": [0.8556271101312233, 0.44425667110231837, 0.9042739419089896], "end table": [0.04737416757985902, 0.3575891805152568, 0.307321621245782], "fan": [0.5841769241664314, 0.9185311278572607, 0.7431017062802098], "file cabinet": [0.3537826202604575, 0.27307631429643775, 0.4074977077857205], "fire alarm": [0.41794764263390916, 0.9681470134017606, 0.7003399927260788], "fire extinguisher": [0.4504586235181154, 0.2877223237557579, 0.844796211780561], "fireplace": [0.08969168173119624, 0.3630374302513222, 0.44698722277770964], "floor": [0.910255770297975, 0.43833699751095134, 0.47574918829037627], "folded chair": [0.9694902897225923, 0.8296702244851408, 0.49873544004171366], "furniture": [0.2196848089406649, 0.8719067652186598, 0.5875686147804836], "guitar": [0.304516666612644, 0.4967891797115065, 0.21756095464505454], "guitar case": [0.16901302193596635, 0.7252559797402531, 0.7603402211852441], "hair dryer": [0.7133185281020658, 0.9788344816935594, 0.47407610168678194], "handicap bar": [0.9386791029632564, 0.44798638521748313, 0.5578067451157073], "hat": [0.4768457006907113, 0.552010193748217, 0.023346668228985346], "headphones": [0.23191120902076368, 0.7798831623763698, 0.18759343560451114], "ironing board": [0.7789726997678372, 0.06497467633305487, 0.6567966479623844], "jacket": [0.07322590922940897, 0.4279680979836552, 0.737365751425153], "keyboard": [0.5700363003159138, 0.6575276196734363, 0.34303750006079625], "keyboard piano": [0.9483527419684126, 0.17589492238610172, 0.32787353168075917], "kitchen cabinet": [0.610223979897887, 0.6368439049730902, 0.25158822622791843], "kitchen counter": [0.038067831574229216, 0.1909507758457969, 0.7279805816300571], "ladder": [0.5871238423806915, 0.3125544634804762, 0.5519724750384414], "lamp": [0.7806263925866053, 0.7133955798145107, 0.06940604763937486], "laptop": [0.7658395532163444, 0.9429533004469727, 0.2073535958729763], "laundry basket": [0.9064257053700712, 0.005679276051330451, 0.9560029902176312], "laundry detergent": [0.22473051131497435, 0.490501743968602, 0.02615985944245003], "laundry hamper": [0.29225443567043663, 0.9902987742169191, 0.7354227366990788], "ledge": [0.655360696088723, 0.11092341949434015, 0.07682337075847023], "light": [0.6771572062839414, 0.2869848093937962, 0.0522830858762009], "light switch": [0.5776904300859173, 0.5760114835735737, 0.05795016859849944], "luggage": [0.21092673164983033, 0.6367277219319605, 0.6330122072972487], "machine": [0.29221024446526866, 0.8518118187189502, 0.6409613632323581], "mailbox": [0.4860457972391813, 0.6824951468373903, 0.19207344407168137], "mat": [0.6417680883419162, 0.46497230578356985, 0.22502310579327456], "mattress": [0.6837846473787625, 0.395340877712429, 0.23473227267020313], "microwave": [0.9253912416409672, 0.34509119509995134, 0.7420535939719164],